Secci√≥n,Valor
üöÄ BYTE - Panel de Control Shopify,
Desarrollado por BYTE para Rodavial,
,
üìä ESTAD√çSTICAS GENERALES,
Total de Productos:,=COUNTA(Productos!A:A)-1
Productos Padre:,=COUNTIF(Productos!E:E,"PADRE")
Productos Individuales:,=COUNTIF(Productos!E:E,"INDIVIDUAL")
,
‚úÖ Activos:,=COUNTIF(Productos!N:N,"ACTIVO")
‚ùå Inactivos:,=COUNTIF(Productos!N:N,"INACTIVO")
,
‚ö†Ô∏è Modificados (pendientes):,=COUNTIF(Productos!S:S,TRUE)
,
üì¶ INVENTARIO,
Stock Total:,=SUM(Productos!L:L)
Valor Total:,=SUMPRODUCT(Productos!L:L,Productos!J:J)
,
üèÜ TOP MARCAS,
Marca,Cantidad
Michelin,=COUNTIF(Productos!G:G,"Michelin")
BFGoodrich,=COUNTIF(Productos!G:G,"BFGoodrich")
,
,
√öltima actualizaci√≥n: Se actualiza autom√°ticamente con cada cambio,
,
Powered by BYTE üöÄ,
